title,department,openings,locations,all_locations,regions,remote_available
Account Executive - SMB,Not specified,1,2 Locations,2 Locations,Not specified,No
Account Executive - Upmarket (West),Not specified,1,4 Locations,4 Locations,Not specified,No
Associate Product Support Specialist - LiveEasy,Not specified,1,"Columbus, Ohio","Columbus, Ohio",Not specified,No
Business Development Representative - SMB,Not specified,1,"Santa Barbara, California","Santa Barbara, California",Not specified,No
Business Development Representative - SMB Investment Manager,Not specified,1,2 Locations,2 Locations,Not specified,No
Business Development Representative - Upmarket,Not specified,1,2 Locations,2 Locations,Not specified,No
Concierge - LiveEasy,Not specified,1,"Columbus, Ohio","Columbus, Ohio",Not specified,No
"Corporate Counsel, Product",Not specified,1,"Santa Barbara, California","Santa Barbara, California",Not specified,No
"Director, Corporate Finance",Not specified,1,5 Locations,5 Locations,Not specified,No
"Director, Software Engineering",Not specified,1,"Santa Barbara, California","Santa Barbara, California",Not specified,No
Growth Account Executive - SMB,Not specified,1,"Santa Barbara, California","Santa Barbara, California",Not specified,No
Growth Business Development Representative - SMB,Not specified,1,2 Locations,2 Locations,Not specified,No
"Manager, Business Development",Not specified,1,2 Locations,2 Locations,Not specified,No
"Manager, Onboarding Services",Not specified,1,8 Locations,8 Locations,Not specified,No
"Manager, Software Engineering",Not specified,1,8 Locations,8 Locations,Not specified,No
"Manager, User Experience Design - ML",Not specified,1,8 Locations,8 Locations,Not specified,No
Mobile Software Engineer II,Not specified,1,7 Locations,7 Locations,Not specified,No
Product Support Specialist I - Smart Maintenance,Not specified,1,"Remote, United States","Remote, United States",Not specified,Yes
Real-Time Data Engineer II,Not specified,1,8 Locations,8 Locations,Not specified,No
"SVP, Client Services",Not specified,1,8 Locations,8 Locations,Not specified,No
Site Reliability Engineer I,Not specified,1,7 Locations,7 Locations,Not specified,No
Software Engineer II,Not specified,1,8 Locations,8 Locations,Not specified,No
Software Engineer II - Accounting Entities,Not specified,1,8 Locations,8 Locations,Not specified,No
Software Engineer II - Accounting Receivables,Not specified,1,8 Locations,8 Locations,Not specified,No
Software Engineer II - Investment Manager,Not specified,1,8 Locations,8 Locations,Not specified,No
Software Engineer II - Resident Concierge,Not specified,1,9 Locations,9 Locations,Not specified,No
Sr. Account Executive - SMB,Not specified,1,3 Locations,3 Locations,Not specified,No
Sr. Billing Specialist,Not specified,1,2 Locations,2 Locations,Not specified,No
Sr. Events Technology Manager,Not specified,1,5 Locations,5 Locations,Not specified,No
Sr. Machine Learning Engineer - Realm-X,Not specified,1,9 Locations,9 Locations,Not specified,No
"Sr. Manager, Internal Audit",Not specified,1,4 Locations,4 Locations,Not specified,No
Sr. Product Manager,Not specified,1,8 Locations,8 Locations,Not specified,No
"Sr. Product Manager, Data Platform",Not specified,1,"Remote, United States","Remote, United States",Not specified,Yes
Sr. Site Reliability Engineer - Observability,Not specified,1,9 Locations,9 Locations,Not specified,No
Sr. Software Engineer - Affordable Housing,Not specified,1,8 Locations,8 Locations,Not specified,No
Sr. Software Engineer - Data Query,Not specified,1,8 Locations,8 Locations,Not specified,No
Sr. Software Engineer - Deployment Platform,Not specified,1,8 Locations,8 Locations,Not specified,No
Sr. Software Engineer - FolioScreen,Not specified,1,8 Locations,8 Locations,Not specified,No
Sr. Software Engineer - Platform,Not specified,1,8 Locations,8 Locations,Not specified,No
Sr. Software Engineer - Resident Concierge,Not specified,1,9 Locations,9 Locations,Not specified,No
Sr. Tax Manager,Not specified,1,5 Locations,5 Locations,Not specified,No
Sr. Workplace Services Specialist,Not specified,1,"Columbus, Ohio","Columbus, Ohio",Not specified,No
"Staff Data Science Engineer, Data Operations",Not specified,1,5 Locations,5 Locations,Not specified,No
Staff HRIS Analyst,Not specified,1,8 Locations,8 Locations,Not specified,No
"Team Lead, Concierge - LiveEasy",Not specified,1,"Columbus, Ohio","Columbus, Ohio",Not specified,No
User Experience Designer,Not specified,1,8 Locations,8 Locations,Not specified,No
