title,department,location,posting_date,remote,region
Account Director,Professional Services,"Lyndhurst, NJ",Not specified,No,United States
Account Partner,Sales,"Basel, Switzerland",Not specified,No,Europe
Account Partner,Sales,"Paris, France",Not specified,No,Europe
Account Partner,Sales,"Zürich, Switzerland",Not specified,No,Europe
Account Partner,Sales,"Zürich, Switzerland",Not specified,No,Europe
Account Partner,Sales,"Frankfurt, Germany",Not specified,No,Europe
Account Partner,Sales,"Munich, Germany",Not specified,No,Europe
Account Partner,Sales,"Bern, Switzerland",Not specified,No,Europe
Account Partner,Sales,"Basel, Switzerland",Not specified,No,Europe
Account Partner,Sales,"Zürich, Switzerland",Not specified,No,Europe
Account Partner,Sales,"Basel, Switzerland",Not specified,No,Europe
Account Partner,Sales,"Copenhagen, Denmark",Not specified,No,Europe
Account Partner (Global Accounts),Sales,"Zürich, Switzerland",Not specified,No,Europe
Account Partner (Global Accounts),Sales,"Basel, Switzerland",Not specified,No,Europe
Account Partner - China CRO,Sales,"Shanghai, China",Not specified,No,Asia Pacific
Account Partner - Commercial,Sales,"Tokyo, Japan",Not specified,No,Asia Pacific
Account Partner - Commercial MedTech,Sales,"Frankfurt, Germany",Not specified,No,Europe
Account Partner - Commercial MedTech,Sales,"Paris, France",Not specified,No,Europe
Account Partner - CRO,Sales,"Shanghai, China",Not specified,No,Asia Pacific
Account Partner - Crossix Audiences,Sales,"Boston, MA",Not specified,No,United States
Account Partner - Crossix Audiences,Sales,"Philadelphia, PA",Not specified,No,United States
Account Partner - Crossix Audiences,Sales,"New York City, NY",Not specified,No,United States
Account Partner - DACH,Sales,"Frankfurt, Germany",Not specified,No,Europe
Account Partner - DACH,Sales,"London, United Kingdom",Not specified,No,Europe
Account Partner - Data Cloud Basics,Sales,"Boston, MA",Not specified,No,United States
Account Partner - Data Cloud Basics,Sales,"New York City, NY",Not specified,No,United States
Account Partner - Data Cloud Basics,Sales,"Boston, MA",Not specified,No,United States
Account Partner - LIMS,Sales,"Frankfurt, Germany",Not specified,No,Europe
Account Partner - LIMS,Sales,"Paris, France",Not specified,No,Europe
Account Partner - LIMS,Sales,"London, United Kingdom",Not specified,No,Europe
Account Partner - Marketing Analytics,Sales,"Boston, MA",Not specified,No,United States
Account Partner - Marketing Analytics,Sales,"Newark, NJ",Not specified,No,United States
Account Partner - Marketing Analytics,Sales,"Philadelphia, PA",Not specified,No,United States
Account Partner - Marketing Analytics,Sales,"New York City, NY",Not specified,No,United States
Account Partner - MedTech,Sales,"Chicago, IL",Not specified,No,United States
Account Partner - North America OpenData Email,Sales,"Boston, MA",Not specified,No,United States
Account Partner - North America OpenData Email,Sales,"Philadelphia, PA",Not specified,No,United States
Account Partner - North America OpenData Email,Sales,"Boston, MA",Not specified,No,United States
Account Partner - R&D,Sales,"Tokyo, Japan",Not specified,No,Asia Pacific
Account Partner - R&D,Sales,"Boston, MA",Not specified,No,United States
Account Partner - R&D,Sales,"San Francisco, CA",Not specified,No,United States
Account Partner - R&D,Sales,"New York City, NY",Not specified,No,United States
Account Partner - R&D,Sales,"Raleigh, NC",Not specified,No,United States
Account Partner - R&D and Quality,Sales,"Suzhou, China",Not specified,No,Asia Pacific
Account Partner - Site Solutions - Europe,Sales,"Berlin, Germany",Not specified,No,Europe
Account Partner - Site Solutions - Europe,Sales,"Amsterdam, Netherlands",Not specified,No,Europe
Account Partner - Site Solutions - Europe,Sales,"Copenhagen, Denmark",Not specified,No,Europe
Account Partner - Vault Basics,Sales,"San Francisco, CA",Not specified,No,United States
Account Partner - Vault Basics,Sales,"Philadelphia, PA",Not specified,No,United States
Account Partner - Vault Basics,Sales,"Boston, MA",Not specified,No,United States
Account Partner - Veeva Basics - DACH,Sales,"Berlin, Germany",Not specified,No,Europe
Account Partner - Veeva Basics - DACH,Sales,"Frankfurt, Germany",Not specified,No,Europe
Account Partner - Veeva Commercial Basics,Sales,"Lyndhurst, NJ",Not specified,No,United States
Account Partner - Veeva Commercial Basics,Sales,"Boston, MA",Not specified,No,United States
Account Partner - Veeva Commercial Basics,Sales,"Boston, MA",Not specified,No,United States
Account Partner - North America Data Cloud,Sales,"Boston, MA",Not specified,No,United States
Account Partner - North America Data Cloud,Sales,"Philadelphia, PA",Not specified,No,United States
Account Partner - North America Data Cloud,Sales,"Boston, MA",Not specified,No,United States
Agency Partner,Sales,"Lyndhurst, NJ",Not specified,No,United States
Agency Partner,Sales,"Philadelphia, PA",Not specified,No,United States
Agency Partner,Sales,"New York City, NY",Not specified,No,United States
AI Data Engineer,Engineering,"Toronto, Canada",Not specified,No,Canada
AI Data Engineer,Engineering,"Ottawa, Canada",Not specified,No,Canada
AI Data Engineer,Engineering,"Toronto, Canada",Not specified,No,Canada
AI Data Engineer,Engineering,"Portland, ME",Not specified,No,United States
AI Data Engineer,Engineering,"Boston, MA",Not specified,No,United States
AI Data Engineer,Engineering,"Portland, OR",Not specified,No,United States
AI Data Engineer,Engineering,"San Luis Obispo, CA",Not specified,No,United States
AI Data Engineer,Engineering,"Bend, OR",Not specified,No,United States
AI Data Engineer,Engineering,"Boston, MA",Not specified,No,United States
Analyst - Computer Software Validation,Professional Services,"Zagreb, Croatia",Not specified,No,Europe
Analyst Data Extraction - OpenData EMEA (Remote),Analytics,"Barcelona, Spain",Not specified,No,Europe
Analyst Data Extraction - OpenData EMEA (Remote),Analytics,"Berlin, Germany",Not specified,No,Europe
Analyst Data Extraction - OpenData EMEA (Remote),Analytics,"Lisbon, Portugal",Not specified,No,Europe
Architect - Data Department,Product Management & Alliances,"Dalian, China",Not specified,No,Asia Pacific
Architect - Infrastructure,Engineering,"Toronto, Canada",Not specified,No,Canada
Architect - Infrastructure,Engineering,"Toronto, Canada",Not specified,No,Canada
Associate Automation Platform Engineer,QA & Release Engineering,"Pleasanton, CA",Not specified,No,United States
Associate Automation Platform Engineer,Engineering,"Hyderabad, India",Not specified,No,Asia Pacific
Associate Business Consultant - Life Sciences Analytics,Recent University Graduates,"Boston, MA",Not specified,No,United States
Associate Business Consultant - Life Sciences Analytics,Recent University Graduates,"New York City, NY",Not specified,No,United States
Associate Business Consultant - Life Sciences Analytics,Recent University Graduates,"London, United Kingdom",Not specified,No,Europe
Associate Business Consultant - Life Sciences Analytics,Recent University Graduates,"Barcelona, Spain",Not specified,No,Europe
Associate Business Consultant - Life Sciences Commercial,Recent University Graduates,"Berlin, Germany",Not specified,No,Europe
Associate Business Consultant - Life Sciences Commercial,Recent University Graduates,"London, United Kingdom",Not specified,No,Europe
Associate Business Consultant - Life Sciences Commercial,Recent University Graduates,"Frankfurt, Germany",Not specified,No,Europe
Associate Business Consultant - Life Sciences Commercial,Recent University Graduates,"Barcelona, Spain",Not specified,No,Europe
Associate Business Consultant - Life Sciences Content,Recent University Graduates,"Barcelona, Spain",Not specified,No,Europe
Associate Business Consultant - Life Sciences Content,Recent University Graduates,"London, United Kingdom",Not specified,No,Europe
Associate Business Consultant - Life Sciences Content,Recent University Graduates,"Boston, MA",Not specified,No,United States
Associate Business Consultant - Life Sciences Content,Recent University Graduates,"New York City, NY",Not specified,No,United States
Associate Business Consultant - Life Sciences R&D and Quality,Recent University Graduates,"Boston, MA",Not specified,No,United States
Associate Business Consultant - Life Sciences R&D and Quality,Recent University Graduates,"New York City, NY",Not specified,No,United States
Associate Business Consultant - Life Sciences R&D and Quality,Recent University Graduates,"Berlin, Germany",Not specified,No,Europe
Associate Business Consultant - Life Sciences R&D and Quality,Recent University Graduates,"Barcelona, Spain",Not specified,No,Europe
Associate Business Consultant - Life Sciences R&D and Quality,Recent University Graduates,"London, United Kingdom",Not specified,No,Europe
Associate Business Consultant - Life Sciences R&D and Quality,Recent University Graduates,"Frankfurt, Germany",Not specified,No,Europe
Associate Consultant,Recent University Graduates,"Shanghai, China",Not specified,No,Asia Pacific
Associate Consultant,Recent University Graduates,"Madison, WI",Not specified,No,United States
Associate Consultant,Recent University Graduates,"Boston, MA",Not specified,No,United States
Associate Consultant,Recent University Graduates,"Tokyo, Japan",Not specified,No,Asia Pacific
Associate Consultant,Recent University Graduates,"New York City, NY",Not specified,No,United States
Associate Consultant (Germany),Recent University Graduates,"Berlin, Germany",Not specified,No,Europe
Associate Consultant (Germany),Recent University Graduates,"Frankfurt, Germany",Not specified,No,Europe
Associate Consultant (Hungary),Recent University Graduates,"Budapest, Hungary",Not specified,No,Europe
Associate Consultant (Poland),Recent University Graduates,"Warsaw, Poland",Not specified,No,Europe
Associate Consultant (Spain),Recent University Graduates,"Barcelona, Spain",Not specified,No,Europe
Associate Consultant (UK),Recent University Graduates,"London, United Kingdom",Not specified,No,Europe
Associate Consultant - Consultant Development Program for Professional Services,Professional Services,"Singapore, Singapore",Not specified,No,Asia Pacific
Associate Director - Link Strategy,Strategy,"Boston, MA",Not specified,No,United States
Associate Director - Link Strategy,Strategy,"New York City, NY",Not specified,No,United States
Associate Director - Link Strategy,Strategy,"Boston, MA",Not specified,No,United States
Associate IT Engineer,IT,"Hyderabad, India",Not specified,No,Asia Pacific
Associate Lead - OpenData,Data Operations,"Lisbon, Portugal",Not specified,No,Europe
Associate Lead - OpenData Clinical (Remote),Data Operations,"Lisbon, Portugal",Not specified,No,Europe
Associate Lead - OpenData Clinical (Remote),Data Operations,"Skopje, North Macedonia",Not specified,No,Europe
Associate QA Engineer,QA & Release Engineering,"Toronto, Canada",Not specified,No,Canada
Associate QA Engineer,QA & Release Engineering,"Pleasanton, CA",Not specified,No,United States
Associate Quality Engineer,QA & Release Engineering,"Boston, MA",Not specified,No,United States
Associate Quality Engineer,QA & Release Engineering,"Toronto, Canada",Not specified,No,Canada
Associate Quality Engineer - Infrastructure,QA & Release Engineering,"Boston, MA",Not specified,No,United States
Associate Release Engineer,QA & Release Engineering,"Pleasanton, CA",Not specified,No,United States
Associate Software Engineer - Seeking 2025 & 2026 Grads,Recent University Graduates,"Toronto, Canada",Not specified,No,Canada
Associate Software Engineer - Seeking 2025 & 2026 Grads,Recent University Graduates,"Pleasanton, CA",Not specified,No,United States
Associate Software Engineer - Seeking 2025 & 2026 Grads,Recent University Graduates,"Columbus, OH",Not specified,No,United States
Associate Software Engineer - Seeking 2025 & 2026 Grads,Recent University Graduates,"Raleigh, NC",Not specified,No,United States
Associate Software Engineer - Seeking 2026 Grads,Recent University Graduates,"Boston, MA",Not specified,No,United States
Associate Software Engineer - Test Automation,QA & Release Engineering,"Hyderabad, India",Not specified,No,Asia Pacific
Associate Software Engineer in Test,QA & Release Engineering,"Pleasanton, CA",Not specified,No,United States
Associate Software Engineer In Test,QA & Release Engineering,"Toronto, Canada",Not specified,No,Canada
Associate Software Engineer in Test,QA & Release Engineering,"Pleasanton, CA",Not specified,No,United States
Associate Software Engineer in Test - Tooling & Infrastructure,QA & Release Engineering,"Toronto, Canada",Not specified,No,Canada
Business Consultant - Commercial,Business Consulting,"London, United Kingdom",Not specified,No,Europe
Business Consultant - Commercial,Business Consulting,"Barcelona, Spain",Not specified,No,Europe
Business Consultant - Commercial,Business Consulting,"Frankfurt, Germany",Not specified,No,Europe
Business Consultant - Commercial,Business Consulting,"Boston, MA",Not specified,No,United States
Business Consultant - Commercial Content,Business Consulting,"Tokyo, Japan",Not specified,No,Asia Pacific
Business Consultant - Life Sciences Quality,Business Consulting,"Boston, MA",Not specified,No,United States
Business Consultant - Life Sciences Quality,Business Consulting,"Barcelona, Spain",Not specified,No,Europe
Business Consultant - Life Sciences Quality,Business Consulting,"Berlin, Germany",Not specified,No,Europe
Business Consultant - Life Sciences Quality,Business Consulting,"London, United Kingdom",Not specified,No,Europe
Business Consultant - Life Sciences R&D,Business Consulting,"Boston, MA",Not specified,No,United States
Business Consultant - R&D (Remote),Business Consulting,"Barcelona, Spain",Not specified,No,Europe
Business Consultant - R&D (Remote),Business Consulting,"London, United Kingdom",Not specified,No,Europe
Business Consultant - R&D (Remote),Business Consulting,"Berlin, Germany",Not specified,No,Europe
Business Development Representative - Veeva Commercial Basics,Sales,"Philadelphia, PA",Not specified,No,United States
Business Development Representative - Veeva Commercial Basics,Sales,"New York City, NY",Not specified,No,United States
Business Development Representative - Veeva Commercial Basics,Sales,"Boston, MA",Not specified,No,United States
Clinical Data eLearning Developer (Remote),Design & User Experience,"Boston, MA",Not specified,No,United States
Clinical Operation Consultant - ANZ,Professional Services,"Melbourne, Australia",Not specified,No,Asia Pacific
Cloud CRM Consultant (Remote),Professional Services,"Budapest, Hungary",Not specified,No,Europe
Cloud Software Consultant (Remote),Professional Services,"Budapest, Hungary",Not specified,No,Europe
Commercial Services CRM Manager,Professional Services,"Philadelphia, PA",Not specified,No,United States
Commercial Services CRM Manager,Professional Services,"Boston, MA",Not specified,No,United States
Commercial Services CRM Manager,Professional Services,"Boston, MA",Not specified,No,United States
Configuration Analyst,Quality & Security & Compliance,"Mumbai, India",Not specified,No,Asia Pacific
Configuration Analyst,Quality & Security & Compliance,"Hyderabad, India",Not specified,No,Asia Pacific
Configuration Consultant - RTSM,Design & User Experience,"Zagreb, Croatia",Not specified,No,Europe
Consultant,Professional Services,"Mumbai, India",Not specified,No,Asia Pacific
Consultant - Clinical Operation Systems Implementation,Professional Services,"Shanghai, China",Not specified,No,Asia Pacific
Consultant - Clinical Operations (Remote - Europe),Professional Services,"London, United Kingdom",Not specified,No,Europe
Consultant - Clinical Operations (Remote - Europe),Professional Services,"Barcelona, Spain",Not specified,No,Europe
Consultant - Commercial Content,Professional Services,"Madison, WI",Not specified,No,United States
Consultant - Commercial Content,Professional Services,"New York City, NY",Not specified,No,United States
Consultant - Commercial Content,Professional Services,"San Francisco, CA",Not specified,No,United States
Consultant - Commercial Strategy,Business Consulting,"Tokyo, Japan",Not specified,No,Asia Pacific
Consultant - Commercial Strategy (Remote),Business Consulting,"Osaka, Japan",Not specified,No,Asia Pacific
Consultant - LIMS,Professional Services,"Boston, MA",Not specified,No,United States
Consultant - LIMS,Professional Services,"Raleigh, NC",Not specified,No,United States
Consultant - LIMS,Professional Services,"Philadelphia, PA",Not specified,No,United States
Consultant - Managed Services,Professional Services,"Budapest, Hungary",Not specified,No,Europe
Consultant - Managed Services,Professional Services,"Warsaw, Poland",Not specified,No,Europe
Consultant - Nitro Services,Professional Services,"Boston, MA",Not specified,No,United States
Consultant - Pharmacovigilance/Safety Systems Implementation (Remote),Professional Services,"Boston, MA",Not specified,No,United States
Consultant - Vault Safety,Professional Services,"Hyderabad, India",Not specified,No,Asia Pacific
Consultant - Veeva Align,Professional Services,"Barcelona, Spain",Not specified,No,Europe
Consultant - Veeva Align,Professional Services,"Berlin, Germany",Not specified,No,Europe
Consultant - Veeva Align,Professional Services,"London, United Kingdom",Not specified,No,Europe
Consultant - Veeva Clinical Operations - Managed Services (Remote),Professional Services,"Warsaw, Poland",Not specified,No,Europe
Consultant - Veeva Clinical Operations - Managed Services (Remote),Professional Services,"Budapest, Hungary",Not specified,No,Europe
Consultant - Veeva PromoMats,Professional Services,"Barcelona, Spain",Not specified,No,Europe
Consultant - Veeva PromoMats,Professional Services,"Paris, France",Not specified,No,Europe
Consultant - Veeva PromoMats,Professional Services,"Berlin, Germany",Not specified,No,Europe
Consultant - Veeva PromoMats,Professional Services,"London, United Kingdom",Not specified,No,Europe
Consultant - Veeva RIM - Managed Services (Remote),Professional Services,"Warsaw, Poland",Not specified,No,Europe
Consultant - Veeva RIM - Managed Services (Remote),Professional Services,"Budapest, Hungary",Not specified,No,Europe
Consultant - Veeva Safety - Managed Services (Remote),Professional Services,"Budapest, Hungary",Not specified,No,Europe
Consultant - Veeva Safety - Managed Services (Remote),Professional Services,"Warsaw, Poland",Not specified,No,Europe
Consultant - Veeva Safety - Managed Services (Remote),Professional Services,"Hyderabad, India",Not specified,No,Asia Pacific
Content Application Consultant (Remote),Professional Services,"Budapest, Hungary",Not specified,No,Europe
Content Marketing Manager,Marketing,"Tokyo, Japan",Not specified,No,Asia Pacific
Coordinator - Program/Event (East Coast),Product Management & Alliances,"Lyndhurst, NJ",Not specified,No,United States
Coordinator - Program/Event (West Coast),Product Management & Alliances,"Boise, ID",Not specified,No,United States
Country Lead - HCP Consent,Data Operations,"Ho Chi Minh, Vietnam",Not specified,No,Asia Pacific
Country Lead - HCP Consent,Data Operations,"Hanoi, Vietnam",Not specified,No,Asia Pacific
Country Lead - HCP Consent (Singapore & Malaysia),Data Operations,"Singapore, Singapore",Not specified,No,Asia Pacific
Customer Success Associate - RTSM,Professional Services,"Zagreb, Croatia",Not specified,No,Europe
Customer Success Manager - Clinical Operation,Product Management & Alliances,"Shanghai, China",Not specified,No,Asia Pacific
Customer Success Manager - Clinical Operations,Product Management & Alliances,"Raleigh, NC",Not specified,No,United States
Customer Success Manager - Clinical Operations,Product Management & Alliances,"Philadelphia, PA",Not specified,No,United States
Customer Success Manager - Clinical Operations,Product Management & Alliances,"Chicago, IL",Not specified,No,United States
Customer Success Manager - Quality,Product Management & Alliances,"Tokyo, Japan",Not specified,No,Asia Pacific
Customer Success Manager - Safety,Product Management & Alliances,"Seoul, South Korea",Not specified,No,Asia Pacific
Customer Success Manager - Safety/Pharmacovigilance,Product Management & Alliances,"London, United Kingdom",Not specified,No,Europe
Customer Success Manager - Safety/Pharmacovigilance,Product Management & Alliances,"Berlin, Germany",Not specified,No,Europe
Customer Success Manager - Safety/Pharmacovigilance,Product Management & Alliances,"Barcelona, Spain",Not specified,No,Europe
Customer Support Associate / Specialist - Global Service Centre (Korean Speaking),Product Support,"Sydney, Australia",Not specified,No,Asia Pacific
Data Analyst,Data Operations,"Barcelona, Spain",Not specified,No,Europe
Data Analyst,Data Operations,"Lisbon, Portugal",Not specified,No,Europe
Data Analyst,Data Operations,"Skopje, North Macedonia",Not specified,No,Europe
Data Engineer,Engineering,"London, United Kingdom",Not specified,No,Europe
Data Engineer,Engineering,"Lisbon, Portugal",Not specified,No,Europe
Data Engineer,Engineering,"Barcelona, Spain",Not specified,No,Europe
Data Operations Lead - OpenData (Remote),Data Operations,"Barcelona, Spain",Not specified,No,Europe
Data Operations Lead - OpenData (Remote),Data Operations,"Lisbon, Portugal",Not specified,No,Europe
Data Scientist,Product Management & Alliances,"Dalian, China",Not specified,No,Asia Pacific
Data Solution Consultant,Data Operations,"Shanghai, China",Not specified,No,Asia Pacific
Data Steward,Data Operations,"Dalian, China",Not specified,No,Asia Pacific
Developer - Data Department,Product Management & Alliances,"Dalian, China",Not specified,No,Asia Pacific
DevOps Engineer,Engineering,"Toronto, Canada",Not specified,No,Canada
DevOps Engineer,Engineering,"Ottawa, Canada",Not specified,No,Canada
DevOps Engineer,Engineering,"Toronto, Canada",Not specified,No,Canada
DevOps Engineer,Engineering,"Dalian, China",Not specified,No,Asia Pacific
Director - Audience Data Partnerships,Analytics,"New York City, NY",Not specified,No,United States
Director - Clinical Operations Strategy,Strategy,"San Francisco, CA",Not specified,No,United States
Director - Clinical Operations Strategy,Strategy,"Philadelphia, PA",Not specified,No,United States
Director - Clinical Operations Strategy,Strategy,"Boston, MA",Not specified,No,United States
Director - Computer Systems Validation,Quality & Security & Compliance,"Toronto, Canada",Not specified,No,Canada
Director - Computer Systems Validation,Quality & Security & Compliance,"Boston, MA",Not specified,No,United States
Director - Crossix Analytics Services,Analytics,"Philadelphia, PA",Not specified,No,United States
Director - Crossix Analytics Services,Analytics,"Boston, MA",Not specified,No,United States
Director - Crossix Analytics Services,Analytics,"New York City, NY",Not specified,No,United States
Director - LearnGxP Sales,Sales,"New York City, NY",Not specified,No,United States
Director - LearnGxP Sales,Sales,"Boston, MA",Not specified,No,United States
Director - LearnGxP Sales,Sales,"Philadelphia, PA",Not specified,No,United States
Director - Medical Strategy,Strategy,"Boston, MA",Not specified,No,United States
Director - Medical Strategy EU,Strategy,"London, United Kingdom",Not specified,No,Europe
Director - Vault CRM Suite Strategy,Strategy,"New York City, NY",Not specified,No,United States
Director - Vault CRM Suite Strategy,Strategy,"Philadelphia, PA",Not specified,No,United States
Director - Vault CRM Suite Strategy,Strategy,"Boston, MA",Not specified,No,United States
Director - Veeva Quality Strategy,Strategy,"San Francisco, CA",Not specified,No,United States
Director - Veeva QualityOne - Japan,Sales,"Tokyo, Japan",Not specified,No,Asia Pacific
Director - Veeva Regulatory,Strategy,"Boston, MA",Not specified,No,United States
Director of LIMS Strategy - Europe,Strategy,"Frankfurt, Germany",Not specified,No,Europe
Director of LIMS Strategy - Europe,Strategy,"Barcelona, Spain",Not specified,No,Europe
Director of LIMS Strategy - Europe,Strategy,"London, United Kingdom",Not specified,No,Europe
Director of LIMS Strategy - North America,Strategy,"Boston, MA",Not specified,No,United States
Director of LIMS Strategy - North America,Strategy,"Chicago, IL",Not specified,No,United States
Director of LIMS Strategy - North America,Strategy,"New York City, NY",Not specified,No,United States
Director of Quality Strategy - Europe,Strategy,"Frankfurt, Germany",Not specified,No,Europe
Director of Quality Strategy - Europe,Strategy,"Barcelona, Spain",Not specified,No,Europe
Director of Quality Strategy - Europe,Strategy,"London, United Kingdom",Not specified,No,Europe
Director of Quality Strategy - North America,Strategy,"Boston, MA",Not specified,No,United States
Director of Quality Strategy - North America,Strategy,"Chicago, IL",Not specified,No,United States
Director of Quality Strategy - North America,Strategy,"New York City, NY",Not specified,No,United States
Director Strategy - Link Commercial US,Strategy,"Boston, MA",Not specified,No,United States
Director/ VP - Strategy - Commercial Excellence,Strategy,"Philadelphia, PA",Not specified,No,United States
Director/ VP - Strategy - Commercial Excellence,Strategy,"New York City, NY",Not specified,No,United States
Director/ VP - Strategy - Commercial Excellence,Strategy,"Boston, MA",Not specified,No,United States
Director/Senior Director - Digital/Web,Marketing,"Atlanta, GA",Not specified,No,United States
Director/Senior Director - Digital/Web,Marketing,"Boston, MA",Not specified,No,United States
DS/ML Engineer,Engineering,"London, United Kingdom",Not specified,No,Europe
DS/ML Engineer,Engineering,"Barcelona, Spain",Not specified,No,Europe
DS/ML Engineer,Engineering,"Lisbon, Portugal",Not specified,No,Europe
eLearning Curriculum Developer - Veeva Safety,Training Services,"Boston, MA",Not specified,No,United States
Engagement Manager - Analytics,Business Consulting,"Boston, MA",Not specified,No,United States
Engagement Manager - Global Content,Business Consulting,"Boston, MA",Not specified,No,United States
Engagement Manager - Life Sciences Quality,Business Consulting,"Boston, MA",Not specified,No,United States
Engagement Manager - Life Sciences Quality,Business Consulting,"Barcelona, Spain",Not specified,No,Europe
Engagement Manager - Life Sciences Quality,Business Consulting,"Berlin, Germany",Not specified,No,Europe
Engagement Manager - Life Sciences Quality,Business Consulting,"London, United Kingdom",Not specified,No,Europe
Engagement Manager - Life Sciences R&D,Business Consulting,"Boston, MA",Not specified,No,United States
Engagement Manager - Medical Content,Business Consulting,"Toronto, Canada",Not specified,No,Canada
Engagement Manager - Medical Content,Business Consulting,"Boston, MA",Not specified,No,United States
Engagement Manager - R&D (Remote),Business Consulting,"Paris, France",Not specified,No,Europe
Engagement Manager - R&D (Remote),Business Consulting,"London, United Kingdom",Not specified,No,Europe
Engagement Manager - R&D (Remote),Business Consulting,"Berlin, Germany",Not specified,No,Europe
Engineering Leader,Engineering,"Berlin, Germany",Not specified,No,Europe
Engineering Leader,Engineering,"London, United Kingdom",Not specified,No,Europe
Engineering Manager,Engineering,"Toronto, Canada",Not specified,No,Canada
Engineering Manager,Engineering,"Toronto, Canada",Not specified,No,Canada
Engineering Manager,Engineering,"Ottawa, Canada",Not specified,No,Canada
Engineering Manager,Engineering,"Boston, MA",Not specified,No,United States
Engineering Manager (West Coast),Engineering,"Pleasanton, CA",Not specified,No,United States
Engineering Manager - Analytics Platform,Engineering,"Kiryat Ono, Israel",Not specified,No,Europe
Engineering Manager - HCO Data,Engineering,"Barcelona, Spain",Not specified,No,Europe
Engineering Manager - HCO Data,Engineering,"Berlin, Germany",Not specified,No,Europe
Engineering Manager - HCO Data,Engineering,"Lisbon, Portugal",Not specified,No,Europe
Engineering Manager - Test Automation,QA & Release Engineering,"Hyderabad, India",Not specified,No,Asia Pacific
Enterprise Account Partner - Veeva Development Cloud,Sales,"Philadelphia, PA",Not specified,No,United States
Enterprise Account Partner - Veeva Development Cloud,Sales,"New York City, NY",Not specified,No,United States
Enterprise Account Partner - Veeva Development Cloud,Sales,"Boston, MA",Not specified,No,United States
Enterprise Account Partner DACH,Sales,"Frankfurt, Germany",Not specified,No,Europe
Enterprise Account Partner DACH,Sales,"Zürich, Switzerland",Not specified,No,Europe
Field Marketing - Associate Manager / Manager,Marketing,"Barcelona, Spain",Not specified,No,Europe
Field Marketing - Associate Manager / Manager,Marketing,"Berlin, Germany",Not specified,No,Europe
Field Marketing - Associate Manager / Manager,Marketing,"London, United Kingdom",Not specified,No,Europe
Field Marketing - Associate Manager / Manager,Marketing,"New York City, NY",Not specified,No,United States
Field Marketing - Associate Manager / Manager,Marketing,"Boston, MA",Not specified,No,United States
Field Marketing - Manager / Senior Manager,Marketing,"Berlin, Germany",Not specified,No,Europe
Field Marketing - Manager / Senior Manager,Marketing,"Paris, France",Not specified,No,Europe
Field Marketing - Manager / Senior Manager,Marketing,"London, United Kingdom",Not specified,No,Europe
Field Marketing - Manager / Senior Manager - MedTech Clinical,Marketing,"New York City, NY",Not specified,No,United States
Field Marketing - Manager / Senior Manager - MedTech Clinical,Marketing,"Boston, MA",Not specified,No,United States
Field Marketing - Senior Manager - QualityOne,Marketing,"Atlanta, GA",Not specified,No,United States
Field Marketing - Senior Manager - QualityOne,Marketing,"Boston, MA",Not specified,No,United States
Field Marketing - Senior Manager / Associate Director,Marketing,"Newark, NJ",Not specified,No,United States
Field Marketing Associate,Marketing,"New York City, NY",Not specified,No,United States
Field Marketing Associate,Marketing,"Kansas City, MO",Not specified,No,United States
Field Marketing Associate,Marketing,"Boston, MA",Not specified,No,United States
Field Marketing Director,Marketing,"Boston, MA",Not specified,No,United States
Field Marketing Manager/Senior Manager,Marketing,"Barcelona, Spain",Not specified,No,Europe
Field Representatives (Contract),Sales,"Singapore, Singapore",Not specified,No,Asia Pacific
Financial Analyst - Veeva Digital Events,Finance & Accounting,"Lyndhurst, NJ",Not specified,No,United States
Frontend Architect,Engineering,"Lisbon, Portugal",Not specified,No,Europe
Frontend Architect,Engineering,"Berlin, Germany",Not specified,No,Europe
Frontend Architect,Engineering,"London, United Kingdom",Not specified,No,Europe
Full-Stack Software Engineer - OpenData,Engineering,"Barcelona, Spain",Not specified,No,Europe
Full-Stack Software Engineer - OpenData,Engineering,"London, United Kingdom",Not specified,No,Europe
Full-Stack Software Engineer - OpenData,Engineering,"Lisbon, Portugal",Not specified,No,Europe
Global Program Manager - Development Cloud,Professional Services,"London, United Kingdom",Not specified,No,Europe
Global Program Manager - Development Cloud,Professional Services,"Frankfurt, Germany",Not specified,No,Europe
Global Program Manager - Development Cloud,Professional Services,"Copenhagen, Denmark",Not specified,No,Europe
Global Program Manager - Quality Cloud (Europe),Professional Services,"Dublin, Ireland",Not specified,No,Europe
Global Program Manager - Quality Cloud (Europe),Professional Services,"Barcelona, Spain",Not specified,No,Europe
Global Program Manager - Quality Cloud (Europe),Professional Services,"London, United Kingdom",Not specified,No,Europe
Global Program Manager - Software Implementation,Professional Services,"Madison, WI",Not specified,No,United States
HCP 360 Data Steward Lead,Data Operations,"Tokyo, Japan",Not specified,No,Asia Pacific
HCP Consent Representatives,Sales,"Seoul, South Korea",Not specified,No,Asia Pacific
Implementation Consultant - Commercial (Remote or Onsite),Professional Services,"Barcelona, Spain",Not specified,No,Europe
Implementation Consultant - Commercial (Remote or Onsite),Professional Services,"London, United Kingdom",Not specified,No,Europe
Implementation Consultant - Commercial (Remote or Onsite),Professional Services,"Berlin, Germany",Not specified,No,Europe
Implementation Consultant RIM,Professional Services,"Barcelona, Spain",Not specified,No,Europe
Implementation Consultant RIM,Professional Services,"Copenhagen, Denmark",Not specified,No,Europe
Implementation Consultant RIM,Professional Services,"London, United Kingdom",Not specified,No,Europe
Intern Technical Consultant,Recent University Graduates,"Shanghai, China",Not specified,No,Asia Pacific
IT Engineer,IT,"Tokyo, Japan",Not specified,No,Asia Pacific
IT Engineer,IT,"Sydney, Australia",Not specified,No,Asia Pacific
Lead - Link Key People (Remote),Data Operations,"Skopje, North Macedonia",Not specified,No,Europe
Lead - Link Key People (Remote),Data Operations,"Zagreb, Croatia",Not specified,No,Europe
Lead - Link Key People (Remote),Data Operations,"Lisbon, Portugal",Not specified,No,Europe
Lead - OpenData (Remote),Data Operations,"Lisbon, Portugal",Not specified,No,Europe
Lead Consultant (Remote),Professional Services,"Boston, MA",Not specified,No,United States
Lead Consultant - EAM Services (Remote),Professional Services,"London, United Kingdom",Not specified,No,Europe
Lead Consultant - EAM Services (Remote),Professional Services,"Barcelona, Spain",Not specified,No,Europe
Lead Consultant - EAM Services (Remote),Professional Services,"Warsaw, Poland",Not specified,No,Europe
Lead Consultant / Project Manager - Quality Cloud,Professional Services,"Barcelona, Spain",Not specified,No,Europe
Lead Consultant / Project Manager - Quality Cloud,Professional Services,"Cracow, Poland",Not specified,No,Europe
Lead Consultant / Project Manager - Quality Cloud,Professional Services,"London, United Kingdom",Not specified,No,Europe
Lead Engineer - Test Automation,QA & Release Engineering,"Hyderabad, India",Not specified,No,Asia Pacific
Lead Product Designer - Veeva Labs,Design & User Experience,"Salt Lake City, UT",Not specified,No,United States
Lead Product Designer - Veeva Labs,Design & User Experience,"Pleasanton, CA",Not specified,No,United States
Managed Services Consultant,Professional Services,"Dalian, China",Not specified,No,Asia Pacific
Managed Services Consultant,Professional Services,"Dalian, China",Not specified,No,Asia Pacific
Managed Services Consultant,Professional Services,"Singapore, Singapore",Not specified,No,Asia Pacific
Managed Services Consultant - Align,Professional Services,"Boston, MA",Not specified,No,United States
Managed Services Consultant - Commercial,Professional Services,"Hiroshima, Japan",Not specified,No,Asia Pacific
Managed Services Consultant - Commercial,Professional Services,"Osaka, Japan",Not specified,No,Asia Pacific
Managed Services Consultant - Commercial,Professional Services,"Tokyo, Japan",Not specified,No,Asia Pacific
Managed Services Consultant - Commercial Vault (Remote),Professional Services,"Boston, MA",Not specified,No,United States
Managed Services Consultant - Life Sciences (Remote),Professional Services,"Philadelphia, PA",Not specified,No,United States
Managed Services Consultant - Quality (Remote),Professional Services,"Boston, MA",Not specified,No,United States
Managed Services Consultant - Quality (Remote),Professional Services,"Philadelphia, PA",Not specified,No,United States
Managed Services Consultant - R&D,Professional Services,"Osaka, Japan",Not specified,No,Asia Pacific
Managed Services Consultant - R&D,Professional Services,"Tokyo, Japan",Not specified,No,Asia Pacific
Managed Services Consultant - R&D - Korean Speaking,Professional Services,"Dalian, China",Not specified,No,Asia Pacific
Managed Services Consultant - RTSM,Professional Services,"Zagreb, Croatia",Not specified,No,Europe
Managed Services Consultant - RTSM,Professional Services,"Boston, MA",Not specified,No,United States
Managed Services Consultant – Extended Industries,Professional Services,"Boston, MA",Not specified,No,United States
Managed Services Consultant – Extended Industries,Professional Services,"Philadelphia, PA",Not specified,No,United States
Managed Services Consultant – Extended Industries,Professional Services,"Columbus, OH",Not specified,No,United States
Manager - Audience Data Partnerships,Analytics,"New York City, NY",Not specified,No,United States
Manager - Crossix Analytics Services,Analytics,"Boston, MA",Not specified,No,United States
Manager - Crossix Analytics Services,Analytics,"Philadelphia, PA",Not specified,No,United States
Manager - Crossix Analytics Services,Analytics,"New York City, NY",Not specified,No,United States
Manager - Data Cloud Solution Consulting,Analytics,"Boston, MA",Not specified,No,United States
Manager - Data Cloud Solution Consulting,Analytics,"Philadelphia, PA",Not specified,No,United States
Manager - Data Cloud Solution Consulting,Analytics,"New York City, NY",Not specified,No,United States
Manager - Product Support - Sydney,Product Support,"Sydney, Australia",Not specified,No,Asia Pacific
Manager - Product Support - Tokyo,Product Support,"Tokyo, Japan",Not specified,No,Asia Pacific
Manager - Sales Support,Sales,"Budapest, Hungary",Not specified,No,Europe
Manager - Services Revenue Operations,Finance & Accounting,"Columbus, OH",Not specified,No,United States
Manager - Technical End User Support,Product Support,"London, United Kingdom",Not specified,No,Europe
Manager - Technical End User Support,Product Support,"Columbus, OH",Not specified,No,United States
Manager Data Extraction - OpenData EMEA (Remote),Analytics,"Barcelona, Spain",Not specified,No,Europe
Manager Data Extraction - OpenData EMEA (Remote),Analytics,"Berlin, Germany",Not specified,No,Europe
Manager Data Extraction - OpenData EMEA (Remote),Analytics,"Lisbon, Portugal",Not specified,No,Europe
Manager Data Operations,Data Operations,"Lisbon, Portugal",Not specified,No,Europe
Manager Data Operations,Data Operations,"Barcelona, Spain",Not specified,No,Europe
Manager/Senior Manager - HCP Data,Data Operations,"Lisbon, Portugal",Not specified,No,Europe
Manager/Senior Manager - HCP Data,Data Operations,"Barcelona, Spain",Not specified,No,Europe
Manager/Sr. Manager - Health Data Partnerships,Strategy,"New York City, NY",Not specified,No,United States
Marketing Analytics - Client Services Associate - ADP,Recent University Graduates,"New York City, NY",Not specified,No,United States
Marketing Analytics - Data Analyst - ADP,Recent University Graduates,"New York City, NY",Not specified,No,United States
Marketing Data Quality Analyst,Marketing,"Boston, MA",Not specified,No,United States
Marketing Data Quality Analyst,Marketing,"Boston, MA",Not specified,No,United States
Marketing Director,Marketing,"Paris, France",Not specified,No,Europe
Marketing Director,Marketing,"Barcelona, Spain",Not specified,No,Europe
Marketing Director,Marketing,"Munich, Germany",Not specified,No,Europe
Marketing Director,Marketing,"London, United Kingdom",Not specified,No,Europe
Marketing Intern,Marketing,"Shanghai, China",Not specified,No,Asia Pacific
Marketing Manager - R&D and Quality - Japan,Marketing,"Tokyo, Japan",Not specified,No,Asia Pacific
Marketing Operations - Manager / Senior Manager,Marketing,"Barcelona, Spain",Not specified,No,Europe
Marketing Operations - Manager / Senior Manager,Marketing,"London, United Kingdom",Not specified,No,Europe
Marketing Operations - Manager / Senior Manager,Marketing,"Paris, France",Not specified,No,Europe
Marketing Operations - Manager / Senior Manager,Marketing,"Pleasanton, CA",Not specified,No,United States
Master Class - Business Consultant - Life Sciences Analytics (Denmark),Business Consulting,"Copenhagen, Denmark",Not specified,No,Europe
Master Class - Business Consultant - Life Sciences Analytics (France),Business Consulting,"Paris, France",Not specified,No,Europe
Master Class - Business Consultant - Life Sciences Analytics (Germany),Business Consulting,"Berlin, Germany",Not specified,No,Europe
Master Class - Business Consultant - Life Sciences Analytics (Spain),Business Consulting,"Barcelona, Spain",Not specified,No,Europe
Master Class - Business Consultant - Life Sciences Analytics (United Kingdom),Business Consulting,"London, United Kingdom",Not specified,No,Europe
Master Class - Business Consultant - Life Sciences Analytics (United States),Business Consulting,"Boston, MA",Not specified,No,United States
Master Class - Business Consultant - Life Sciences Commercial (France),Business Consulting,"Paris, France",Not specified,No,Europe
Master Class - Business Consultant - Life Sciences Commercial (Germany),Business Consulting,"Berlin, Germany",Not specified,No,Europe
Master Class - Business Consultant - Life Sciences Commercial (Spain),Business Consulting,"Barcelona, Spain",Not specified,No,Europe
Master Class - Business Consultant - Life Sciences Commercial (United Kingdom),Business Consulting,"London, United Kingdom",Not specified,No,Europe
Master Class - Business Consultant - Life Sciences Commercial (United States),Business Consulting,"Boston, MA",Not specified,No,United States
Master Class - Business Consultant - Life Sciences Content (Spain),Business Consulting,"Barcelona, Spain",Not specified,No,Europe
Master Class - Business Consultant - Life Sciences Content (United Kingdom),Business Consulting,"London, United Kingdom",Not specified,No,Europe
Master Class - Business Consultant - Life Sciences Content (United States),Business Consulting,"Boston, MA",Not specified,No,United States
Master Class - Business Consultant - Life Sciences Quality (Denmark),Business Consulting,"Copenhagen, Denmark",Not specified,No,Europe
Master Class - Business Consultant - Life Sciences Quality (France),Business Consulting,"Paris, France",Not specified,No,Europe
Master Class - Business Consultant - Life Sciences Quality (Germany),Business Consulting,"Berlin, Germany",Not specified,No,Europe
Master Class - Business Consultant - Life Sciences Quality (Spain),Business Consulting,"Barcelona, Spain",Not specified,No,Europe
Master Class - Business Consultant - Life Sciences Quality (United Kingdom),Business Consulting,"London, United Kingdom",Not specified,No,Europe
Master Class - Business Consultant - Life Sciences Quality (United States),Business Consulting,"Boston, MA",Not specified,No,United States
Master Class - Business Consultant - Life Sciences R&D (Denmark),Business Consulting,"Copenhagen, Denmark",Not specified,No,Europe
Master Class - Business Consultant - Life Sciences R&D (France),Business Consulting,"Paris, France",Not specified,No,Europe
Master Class - Business Consultant - Life Sciences R&D (Germany),Business Consulting,"Berlin, Germany",Not specified,No,Europe
Master Class - Business Consultant - Life Sciences R&D (Spain),Business Consulting,"Barcelona, Spain",Not specified,No,Europe
Master Class - Business Consultant - Life Sciences R&D (United Kingdom),Business Consulting,"London, United Kingdom",Not specified,No,Europe
Master Class - Business Consultant - Life Sciences R&D (United States),Business Consulting,"Boston, MA",Not specified,No,United States
Matching Specialist - OpenData Clinical,Professional Services,"Barcelona, Spain",Not specified,No,Europe
Matching Specialist - OpenData Clinical,Professional Services,"Lisbon, Portugal",Not specified,No,Europe
Matching Specialist - OpenData Clinical,Professional Services,"Skopje, North Macedonia",Not specified,No,Europe
MDM Technical Architect (Remote),Professional Services,"Barcelona, Spain",Not specified,No,Europe
MDM Technical Architect (Remote),Professional Services,"Berlin, Germany",Not specified,No,Europe
MDM Technical Architect (Remote),Professional Services,"London, United Kingdom",Not specified,No,Europe
Medical Specialist - Link Medical Insights,Data Operations,"Skopje, North Macedonia",Not specified,No,Europe
Migration Consultant,Professional Services,"Budapest, Hungary",Not specified,No,Europe
Migration Consultant,Professional Services,"Barcelona, Spain",Not specified,No,Europe
Migration Consultant,Professional Services,"Copenhagen, Denmark",Not specified,No,Europe
Migration Consultant - R&D (Remote),Professional Services,"Boston, MA",Not specified,No,United States
Migration Consultant - R&D (Remote),Professional Services,"Philadelphia, PA",Not specified,No,United States
Operations Manager,Professional Services,"Lyndhurst, NJ",Not specified,No,United States
Operations Manager,Professional Services,"Pleasanton, CA",Not specified,No,United States
Payment Processing Coordinator,Finance & Accounting,"Lyndhurst, NJ",Not specified,No,United States
People Analytics Specialist,Employee Success,"New York City, NY",Not specified,No,United States
People Analytics Specialist,Employee Success,"Boston, MA",Not specified,No,United States
Performance Engineer,Engineering,"Toronto, Canada",Not specified,No,Canada
Practice Director - Japan Managed Services,Professional Services,"Tokyo, Japan",Not specified,No,Asia Pacific
Practice Manager - Quality Services,Professional Services,"Boston, MA",Not specified,No,United States
Practice Manager - Quality Services,Professional Services,"Boston, MA",Not specified,No,United States
Practice Manager - Quality Services,Professional Services,"Boston, MA",Not specified,No,United States
Practice Manager - RTSM,Professional Services,"Boston, MA",Not specified,No,United States
Principal & Team Manager - R&D Business Consulting - Japan,Business Consulting,"Tokyo, Japan",Not specified,No,Asia Pacific
Principal Business Consultant - Analytics,Business Consulting,"Boston, MA",Not specified,No,United States
Principal Business Consultant - Commercial,Business Consulting,"Paris, France",Not specified,No,Europe
Principal Business Consultant - Commercial,Professional Services,"Frankfurt, Germany",Not specified,No,Europe
Principal Business Consultant - Commercial,Professional Services,"London, United Kingdom",Not specified,No,Europe
Principal Business Consultant - Commercial,Business Consulting,"Boston, MA",Not specified,No,United States
Principal Business Consultant - Commercial Content Business Consulting,Business Consulting,"Tokyo, Japan",Not specified,No,Asia Pacific
Principal Business Consultant - Global Content,Business Consulting,"Boston, MA",Not specified,No,United States
Principal Business Consultant - Life Sciences Quality,Business Consulting,"Boston, MA",Not specified,No,United States
Principal Business Consultant - Life Sciences Quality,Business Consulting,"Barcelona, Spain",Not specified,No,Europe
Principal Business Consultant - Life Sciences Quality,Business Consulting,"Berlin, Germany",Not specified,No,Europe
Principal Business Consultant - Life Sciences Quality,Business Consulting,"London, United Kingdom",Not specified,No,Europe
Principal Business Consultant - Life Sciences R&D,Business Consulting,"Boston, MA",Not specified,No,United States
Principal Business Consultant - MedTech Clinical,Business Consulting,"Boston, MA",Not specified,No,United States
Principal Business Consultant - MedTech Regulatory,Business Consulting,"Boston, MA",Not specified,No,United States
Principal Business Consultant - R&D - Clinical (Remote),Business Consulting,"Berlin, Germany",Not specified,No,Europe
Principal Business Consultant - R&D - Clinical (Remote),Business Consulting,"London, United Kingdom",Not specified,No,Europe
Principal Business Consultant - R&D - Regulatory (Remote),Business Consulting,"Paris, France",Not specified,No,Europe
Principal Business Consultant - R&D - Regulatory (Remote),Business Consulting,"Berlin, Germany",Not specified,No,Europe
Principal Business Consultant - R&D - Regulatory (Remote),Business Consulting,"London, United Kingdom",Not specified,No,Europe
Principal Consultant - Commercial Strategy Business Consulting,Business Consulting,"Tokyo, Japan",Not specified,No,Asia Pacific
Principal Consultant - Commercial Strategy Business Consulting (Remote),Business Consulting,"Osaka, Japan",Not specified,No,Asia Pacific
Principal DevOps Engineer,Engineering,"Toronto, Canada",Not specified,No,Canada
Principal DevOps Engineer,Engineering,"Raleigh, NC",Not specified,No,United States
Principal DevOps Engineer,Engineering,"Boston, MA",Not specified,No,United States
Principal DevOps Engineer,Engineering,"Boston, MA",Not specified,No,United States
Principal Mobile Product Designer,Design & User Experience,"Pleasanton, CA",Not specified,No,United States
Principal Product Designer,Design & User Experience,"Pleasanton, CA",Not specified,No,United States
Principal Software Developer - Platform,Engineering,"Beijing, China",Not specified,No,Asia Pacific
Principal Software Engineer,Engineering,"Beijing, China",Not specified,No,Asia Pacific
Principal Software Engineer - Front End,Engineering,"Pleasanton, CA",Not specified,No,United States
Principal Software Engineer - Front End,Engineering,"Pleasanton, CA",Not specified,No,United States
Principal Software Engineer - Full Stack,Engineering,"Boston, MA",Not specified,No,United States
Principal Software Engineer - Full Stack,Engineering,"Boston, MA",Not specified,No,United States
Principal Software Engineer - Full Stack,Engineering,"Bend, OR",Not specified,No,United States
Principal Software Engineer - Full Stack,Engineering,"Portland, OR",Not specified,No,United States
Principal Software Engineer - Full Stack,Engineering,"San Luis Obispo, CA",Not specified,No,United States
Principal Software Engineer - Full Stack,Engineering,"Pleasanton, CA",Not specified,No,United States
Principal Software Engineer - Java,Engineering,"Boston, MA",Not specified,No,United States
Principal Software Engineer - Java,Engineering,"Toronto, Canada",Not specified,No,Canada
Principal Software Engineer - Java,Engineering,"Toronto, Canada",Not specified,No,Canada
Principal Software Engineer - Java,Engineering,"Boston, MA",Not specified,No,United States
Principal Software Engineer - Java,Engineering,"Pleasanton, CA",Not specified,No,United States
Principal Software Engineer - Java,Engineering,"Portland, ME",Not specified,No,United States
Principal Software Engineer - Java,Engineering,"Bend, OR",Not specified,No,United States
Principal Software Engineer - Java,Engineering,"San Luis Obispo, CA",Not specified,No,United States
Principal Software Engineer - Java,Engineering,"Portland, OR",Not specified,No,United States
Principal Software Engineer - Java,Engineering,"Ottawa, Canada",Not specified,No,Canada
Principal Software Engineer - Java,Engineering,"Raleigh, NC",Not specified,No,United States
Principal Software Engineer - Rust,Engineering,"Pleasanton, CA",Not specified,No,United States
Process Expert Data Operations,Data Operations,"Barcelona, Spain",Not specified,No,Europe
Process Expert Data Operations,Data Operations,"Lisbon, Portugal",Not specified,No,Europe
Process Optimization Specialist,Data Operations,"Dalian, China",Not specified,No,Asia Pacific
Product Director - Crossix,Product Management & Alliances,"New York City, NY",Not specified,No,United States
Product Expert - Commercial Content,Product Management & Alliances,"Tokyo, Japan",Not specified,No,Asia Pacific
Product Expert - Marketing Analytics,Product Management & Alliances,"Boston, MA",Not specified,No,United States
Product Expert - Marketing Analytics,Product Management & Alliances,"Philadelphia, PA",Not specified,No,United States
Product Expert - Marketing Analytics,Product Management & Alliances,"New York City, NY",Not specified,No,United States
Product Expert - Veeva CRM,Product Management & Alliances,"Boston, MA",Not specified,No,United States
Product Manager,Product Management & Alliances,"Chengdu, China",Not specified,No,Asia Pacific
Product Manager - Activity,Product Management & Alliances,"Frankfurt, Germany",Not specified,No,Europe
Product Manager - cLean OpenData,Product Management & Alliances,"Frankfurt, Germany",Not specified,No,Europe
Product Manager - Compass Patient,Product Management & Alliances,"Boston, MA",Not specified,No,United States
Product Manager - Compass Patient,Product Management & Alliances,"Toronto, Canada",Not specified,No,Canada
Product Manager - Compass Patient,Product Management & Alliances,"New York City, NY",Not specified,No,United States
Product Manager - Matching,Product Management & Alliances,"Frankfurt, Germany",Not specified,No,Europe
Product Manager - RIM Connections,Product Management & Alliances,"Toronto, Canada",Not specified,No,Canada
Product Manager - RIM Connections,Product Management & Alliances,"Boston, MA",Not specified,No,United States
Product Manager - RIM Connections,Product Management & Alliances,"Radnor, PA",Not specified,No,United States
Product Manager - Safety,Product Management & Alliances,"Toronto, Canada",Not specified,No,Canada
Product Manager - Vault CRM Suite,Product Management & Alliances,"Boston, MA",Not specified,No,United States
Product Manager - Vault CRM Suite,Product Management & Alliances,"Indianapolis, IN",Not specified,No,United States
Product Manager - Vault CRM Suite,Product Management & Alliances,"New York City, NY",Not specified,No,United States
Product Manager - Vault CRM Suite,Product Management & Alliances,"Boston, MA",Not specified,No,United States
Product Manager - Vault CRM Suite,Product Management & Alliances,"Pleasanton, CA",Not specified,No,United States
Product Manager - Vault Registrations,Product Management & Alliances,"Toronto, Canada",Not specified,No,Canada
Product Manager - Vault Registrations,Product Management & Alliances,"Boston, MA",Not specified,No,United States
Product Manager - Vault Registrations,Product Management & Alliances,"Radnor, PA",Not specified,No,United States
Product Manager - Veeva Labs,Product Management & Alliances,"Pleasanton, CA",Not specified,No,United States
Product Manager - Veeva Labs,Product Management & Alliances,"Salt Lake City, UT",Not specified,No,United States
Product Manager - Veeva Link Workflow,Product Management & Alliances,"Berlin, Germany",Not specified,No,Europe
Product Manager - Veeva Link Workflow,Product Management & Alliances,"London, United Kingdom",Not specified,No,Europe
Product Manager - Veeva Link Workflow,Product Management & Alliances,"Munich, Germany",Not specified,No,Europe
Product Marketing - Associate Director / Director,Marketing,"Atlanta, GA",Not specified,No,United States
Product Marketing - Associate Director / Director,Marketing,"Boston, MA",Not specified,No,United States
Product Marketing - Associate Director / Director,Marketing,"Boston, MA",Not specified,No,United States
Product Marketing - Associate Manager/Manager,Marketing,"London, United Kingdom",Not specified,No,Europe
Product Marketing - Associate Manager/Manager,Marketing,"Paris, France",Not specified,No,Europe
Product Marketing - Associate Manager/Manager,Marketing,"Barcelona, Spain",Not specified,No,Europe
Product Marketing - Manager / Senior Manager,Marketing,"Philadelphia, PA",Not specified,No,United States
Product Marketing - Manager / Senior Manager,Marketing,"Boston, MA",Not specified,No,United States
Product Marketing - Manager / Senior Manager,Marketing,"Austin, TX",Not specified,No,United States
Product Marketing - Manager / Senior Manager,Marketing,"Boston, MA",Not specified,No,United States
Product Marketing - Manager / Senior Manager - MedTech CRM,Marketing,"Atlanta, GA",Not specified,No,United States
Product Marketing - Manager / Senior Manager - MedTech CRM,Marketing,"Boston, MA",Not specified,No,United States
Product Marketing - Senior Manager / Associate Director,Marketing,"Boston, MA",Not specified,No,United States
Product Marketing - Senior Manager / Associate Director,Marketing,"Columbus, OH",Not specified,No,United States
Product Marketing Director,Marketing,"New York City, NY",Not specified,No,United States
Product Marketing Director,Marketing,"Boston, MA",Not specified,No,United States
Product Marketing Manager,Marketing,"Boston, MA",Not specified,No,United States
Product Operations Manager,Product Management & Alliances,"Boston, MA",Not specified,No,United States
Product Support Engineer,Product Support,"Tokyo, Japan",Not specified,No,Asia Pacific
Product Support Engineer,Product Support,"Seoul, South Korea",Not specified,No,Asia Pacific
Product Support Engineer,Product Support,"Tokyo, Japan",Not specified,No,Asia Pacific
Product Support Engineer,Product Support,"Hiroshima, Japan",Not specified,No,Asia Pacific
Product Support Engineer,Product Support,"Warsaw, Poland",Not specified,No,Europe
Product Support Engineer,Product Support,"Budapest, Hungary",Not specified,No,Europe
Product Support Engineer (Japanese Speaking),Product Support,"Sydney, Australia",Not specified,No,Asia Pacific
Project Manager - Quality Cloud,Professional Services,"Boston, MA",Not specified,No,United States
Project Manager - RTSM,Professional Services,"Zagreb, Croatia",Not specified,No,Europe
Project Manager- Clinical Data Management,Professional Services,"Radnor, PA",Not specified,No,United States
Proposal Manager,Sales,"Boston, MA",Not specified,No,United States
Proposal Manager,Sales,"Raleigh, NC",Not specified,No,United States
Proposal Manager,Sales,"Radnor, PA",Not specified,No,United States
Python Backend Developer - Veeva Link,Engineering,"Berlin, Germany",Not specified,No,Europe
Python Backend Developer - Veeva Link,Engineering,"Lisbon, Portugal",Not specified,No,Europe
Python Backend Developer - Veeva Link,Engineering,"Barcelona, Spain",Not specified,No,Europe
Python Backend Engineer - OpenData,Engineering,"London, United Kingdom",Not specified,No,Europe
Python Backend Engineer - OpenData,Engineering,"Berlin, Germany",Not specified,No,Europe
Python Backend Engineer - OpenData,Engineering,"Lisbon, Portugal",Not specified,No,Europe
Python Engineer (Remote),Engineering,"Barcelona, Spain",Not specified,No,Europe
Python Engineer (Remote),Engineering,"Lisbon, Portugal",Not specified,No,Europe
Python Engineer (Remote),Engineering,"London, United Kingdom",Not specified,No,Europe
Python Tech Lead,Engineering,"Barcelona, Spain",Not specified,No,Europe
Python Tech Lead,Engineering,"Berlin, Germany",Not specified,No,Europe
Python Tech Lead,Engineering,"London, United Kingdom",Not specified,No,Europe
QA (Quality Assurance) Manager,Product Management & Alliances,"Dalian, China",Not specified,No,Asia Pacific
QA Engineer,QA & Release Engineering,"Pleasanton, CA",Not specified,No,United States
QA Manager,QA & Release Engineering,"Pleasanton, CA",Not specified,No,United States
Quality Consultant - Managed Services,Professional Services,"Warsaw, Poland",Not specified,No,Europe
Quality Consultant - Managed Services,Professional Services,"Budapest, Hungary",Not specified,No,Europe
Quality Senior Consultant - Managed Services,Professional Services,"Warsaw, Poland",Not specified,No,Europe
Quality Senior Consultant - Managed Services,Professional Services,"Budapest, Hungary",Not specified,No,Europe
Release Engineer,QA & Release Engineering,"Pleasanton, CA",Not specified,No,United States
Release Engineering Manager,QA & Release Engineering,"Toronto, Canada",Not specified,No,Canada
RIM Implementation Consultant,Professional Services,"Madison, WI",Not specified,No,United States
RIM Implementation Consultant,Professional Services,"Boston, MA",Not specified,No,United States
RTSM Program Manager,Professional Services,"Zagreb, Croatia",Not specified,No,Europe
Sales Analytics Engineer,Sales,"Boston, MA",Not specified,No,United States
Sales and Account Partner,Sales,"Bengaluru, India",Not specified,No,Asia Pacific
Sales and Account Partner,Sales,"Ahmadabad, India",Not specified,No,Asia Pacific
Sales Development Representative,Sales,"San Diego, CA",Not specified,No,United States
Sales Development Representative,Sales,"Philadelphia, PA",Not specified,No,United States
Sales Development Representative,Sales,"Boston, MA",Not specified,No,United States
Sales Development Representative,Sales,"San Francisco, CA",Not specified,No,United States
Sales Development Representative - DACH,Sales,"Berlin, Germany",Not specified,No,Europe
Sales Development Representative - DACH,Sales,"Zürich, Switzerland",Not specified,No,Europe
Sales Development Representative - DACH,Sales,"Frankfurt, Germany",Not specified,No,Europe
Sales Development Representative - UK & Nordics,Sales,"London, United Kingdom",Not specified,No,Europe
Sales Representative - HCP Consent,Sales,"Queensland, Australia",Not specified,No,Asia Pacific
Sales Representative - HCP Consent,Sales,"Victoria, Australia",Not specified,No,Asia Pacific
Sales Representative - HCP Consent,Sales,"New South Wales, Australia",Not specified,No,Asia Pacific
SEC Reporting and Technical Accounting Manager,Finance & Accounting,"Boston, MA",Not specified,No,United States
SEC Reporting and Technical Accounting Manager,Finance & Accounting,"Columbus, OH",Not specified,No,United States
SEC Reporting and Technical Accounting Manager,Finance & Accounting,"Boston, MA",Not specified,No,United States
Senior Account Partner - Veeva QualityOne,Sales,"Mumbai, India",Not specified,No,Asia Pacific
Senior Architect - Commercial Life Sciences (Remote),Professional Services,"Philadelphia, PA",Not specified,No,United States
Senior Architect - Commercial Life Sciences (Remote),Professional Services,"Newark, NJ",Not specified,No,United States
Senior Architect - Commercial Life Sciences (Remote),Professional Services,"Boston, MA",Not specified,No,United States
Senior Automation Platform Engineer,QA & Release Engineering,"Hyderabad, India",Not specified,No,Asia Pacific
Senior Back-End Engineer,Engineering,"Beijing, China",Not specified,No,Asia Pacific
Senior Business Analyst - OpenData Clinical,Data Operations,"Lisbon, Portugal",Not specified,No,Europe
Senior Business Analyst - OpenData Clinical,Data Operations,"Barcelona, Spain",Not specified,No,Europe
Senior Business Consultant - Analytics,Business Consulting,"Boston, MA",Not specified,No,United States
Senior Business Consultant - Commercial,Business Consulting,"London, United Kingdom",Not specified,No,Europe
Senior Business Consultant - Commercial,Business Consulting,"Barcelona, Spain",Not specified,No,Europe
Senior Business Consultant - Commercial,Business Consulting,"Frankfurt, Germany",Not specified,No,Europe
Senior Business Consultant - Global Content,Business Consulting,"Boston, MA",Not specified,No,United States
Senior Business Consultant - Life Sciences Quality,Business Consulting,"Boston, MA",Not specified,No,United States
Senior Business Consultant - Life Sciences Quality,Business Consulting,"Berlin, Germany",Not specified,No,Europe
Senior Business Consultant - Life Sciences Quality,Business Consulting,"Barcelona, Spain",Not specified,No,Europe
Senior Business Consultant - Life Sciences Quality,Business Consulting,"London, United Kingdom",Not specified,No,Europe
Senior Business Consultant - Life Sciences R&D,Business Consulting,"Boston, MA",Not specified,No,United States
Senior Business Consultant - MedTech Content,Business Consulting,"Boston, MA",Not specified,No,United States
Senior Business Consultant - MedTech Regulatory & Quality,Business Consulting,"Boston, MA",Not specified,No,United States
Senior Business Consultant - R&D (Remote),Business Consulting,"Barcelona, Spain",Not specified,No,Europe
Senior Business Consultant - R&D (Remote),Business Consulting,"Berlin, Germany",Not specified,No,Europe
Senior Business Consultant - R&D (Remote),Business Consulting,"London, United Kingdom",Not specified,No,Europe
Senior Cloud CRM Consultant (Remote),Professional Services,"Budapest, Hungary",Not specified,No,Europe
Senior Cloud Software Consultant (Remote),Professional Services,"Budapest, Hungary",Not specified,No,Europe
Senior Consultant (Remote - Denmark),Professional Services,"Copenhagen, Denmark",Not specified,No,Europe
Senior Consultant - CDMS Services (eCOA),Professional Services,"Tokyo, Japan",Not specified,No,Asia Pacific
Senior Consultant - Clinical Data Programming,Professional Services,"Boston, MA",Not specified,No,United States
Senior Consultant - Clinical Data Programming,Professional Services,"Raleigh, NC",Not specified,No,United States
Senior Consultant - Clinical Operations (Remote),Professional Services,"Madison, WI",Not specified,No,United States
Senior Consultant - Clinical Operations (Remote),Professional Services,"Philadelphia, PA",Not specified,No,United States
Senior Consultant - Commercial Architecture (Remote),Professional Services,"Berlin, Germany",Not specified,No,Europe
Senior Consultant - Commercial Architecture (Remote),Professional Services,"Barcelona, Spain",Not specified,No,Europe
Senior Consultant - Commercial Architecture (Remote),Professional Services,"London, United Kingdom",Not specified,No,Europe
Senior Consultant - Commercial Content,Professional Services,"New York City, NY",Not specified,No,United States
Senior Consultant - Commercial Content,Professional Services,"San Francisco, CA",Not specified,No,United States
Senior Consultant - Commercial Content,Professional Services,"Madison, WI",Not specified,No,United States
Senior Consultant - Commercial Services,Professional Services,"Tokyo, Japan",Not specified,No,Asia Pacific
Senior Consultant - Commercial Services,Professional Services,"Osaka, Japan",Not specified,No,Asia Pacific
Senior Consultant - Data Analytics,Professional Services,"Madison, WI",Not specified,No,United States
Senior Consultant - LIMS,Professional Services,"Raleigh, NC",Not specified,No,United States
Senior Consultant - LIMS,Professional Services,"Philadelphia, PA",Not specified,No,United States
Senior Consultant - LIMS,Professional Services,"Boston, MA",Not specified,No,United States
Senior Consultant - Master Data Management (Remote),Professional Services,"Raleigh, NC",Not specified,No,United States
Senior Consultant - MedTech Clinical Operations,Professional Services,"Boston, MA",Not specified,No,United States
Senior Consultant - MedTech Clinical Operations,Professional Services,"Philadelphia, PA",Not specified,No,United States
Senior Consultant - MedTech Clinical Operations,Professional Services,"Minneapolis, MN",Not specified,No,United States
Senior Consultant - MedTech RIM,Professional Services,"Minneapolis, MN",Not specified,No,United States
Senior Consultant - MedTech RIM,Professional Services,"Philadelphia, PA",Not specified,No,United States
Senior Consultant - MedTech RIM,Professional Services,"Boston, MA",Not specified,No,United States
Senior Consultant - Migration Architect,Professional Services,"Dublin, Ireland",Not specified,No,Europe
Senior Consultant - Migration Architect,Professional Services,"Copenhagen, Denmark",Not specified,No,Europe
Senior Consultant - Migration Architect,Professional Services,"London, United Kingdom",Not specified,No,Europe
Senior Consultant - OpenData Services,Data Operations,"Singapore, Singapore",Not specified,No,Asia Pacific
Senior Consultant - Pharmacovigilance/Safety Systems Implementation (Remote),Professional Services,"Philadelphia, PA",Not specified,No,United States
Senior Consultant - Quality Cloud,Professional Services,"Boston, MA",Not specified,No,United States
Senior Consultant - Quality Cloud,Professional Services,"Boston, MA",Not specified,No,United States
Senior Consultant - Quality Cloud,Professional Services,"Boston, MA",Not specified,No,United States
Senior Consultant - Regulatory Operations Software Implementation (Remote),Professional Services,"Madison, WI",Not specified,No,United States
Senior Consultant - Regulatory Operations Software Implementation (Remote),Professional Services,"Philadelphia, PA",Not specified,No,United States
Senior Consultant - Regulatory Operations Software Implementation (Remote),Professional Services,"Boston, MA",Not specified,No,United States
Senior Consultant - RTSM,Professional Services,"Tokyo, Japan",Not specified,No,Asia Pacific
Senior Consultant - Safety,Professional Services,"Tokyo, Japan",Not specified,No,Asia Pacific
Senior Consultant - Veeva Clinical Operations - Managed Services (Remote),Professional Services,"Warsaw, Poland",Not specified,No,Europe
Senior Consultant - Veeva Clinical Operations - Managed Services (Remote),Professional Services,"Budapest, Hungary",Not specified,No,Europe
Senior Consultant - Veeva RIM - Managed Services (Remote),Professional Services,"Warsaw, Poland",Not specified,No,Europe
Senior Consultant - Veeva RIM - Managed Services (Remote),Professional Services,"Budapest, Hungary",Not specified,No,Europe
Senior Consultant - Veeva Safety,Professional Services,"Hyderabad, India",Not specified,No,Asia Pacific
Senior Consultant - Veeva Safety - Managed Services (Remote),Professional Services,"Budapest, Hungary",Not specified,No,Europe
Senior Consultant - Veeva Safety - Managed Services (Remote),Professional Services,"Warsaw, Poland",Not specified,No,Europe
Senior Consultant / Consultant - AI Strategy,Business Consulting,"Shanghai, China",Not specified,No,Asia Pacific
Senior Consultant / Consultant - Commercial Analytics,Business Consulting,"Shanghai, China",Not specified,No,Asia Pacific
Senior Consultant / Consultant - Commercial Strategy,Business Consulting,"Shanghai, China",Not specified,No,Asia Pacific
Senior Content Application Consultant (Remote),Professional Services,"Budapest, Hungary",Not specified,No,Europe
Senior Data Analyst,Data Operations,"Barcelona, Spain",Not specified,No,Europe
Senior Data Analyst,Data Operations,"Skopje, North Macedonia",Not specified,No,Europe
Senior Data Analyst,Data Operations,"Lisbon, Portugal",Not specified,No,Europe
Senior Data Solution Consultant,Data Operations,"Shanghai, China",Not specified,No,Asia Pacific
Senior DevOps Engineer,Engineering,"Bend, OR",Not specified,No,United States
Senior DevOps Engineer,Engineering,"Portland, OR",Not specified,No,United States
Senior DevOps Engineer,Engineering,"San Luis Obispo, CA",Not specified,No,United States
Senior DevOps Engineer,Engineering,"Toronto, Canada",Not specified,No,Canada
Senior DevOps Engineer,Engineering,"Raleigh, NC",Not specified,No,United States
Senior DevOps Engineer,Engineering,"Boston, MA",Not specified,No,United States
Senior Director - Data Cloud Solution Consulting,Strategy,"New York City, NY",Not specified,No,United States
Senior Director - Data Cloud Solution Consulting,Strategy,"Philadelphia, PA",Not specified,No,United States
Senior Director - Engineering and Data Operations - OpenData,Engineering,"Boston, MA",Not specified,No,United States
Senior Director - Engineering and Data Operations - OpenData,Engineering,"Chicago, IL",Not specified,No,United States
Senior Director - Engineering and Data Operations - OpenData,Engineering,"Boston, MA",Not specified,No,United States
Senior Director - Manufacturing & Quality Strategy,Strategy,"Lyndhurst, NJ",Not specified,No,United States
Senior Director - OpenData Clinical Strategy,Strategy,"New York City, NY",Not specified,No,United States
Senior Director - OpenData Clinical Strategy,Strategy,"Philadelphia, PA",Not specified,No,United States
Senior Director - OpenData Clinical Strategy,Strategy,"Boston, MA",Not specified,No,United States
Senior Engineer - Back End,Engineering,"Beijing, China",Not specified,No,Asia Pacific
Senior Engineer - Full Stack (Remote),Engineering,"London, United Kingdom",Not specified,No,Europe
Senior Engineer - Full Stack (Remote),Engineering,"Barcelona, Spain",Not specified,No,Europe
Senior Frontend Engineer - React,Engineering,"Berlin, Germany",Not specified,No,Europe
Senior Frontend Engineer - React,Engineering,"Lisbon, Portugal",Not specified,No,Europe
Senior Frontend Engineer - React,Engineering,"Barcelona, Spain",Not specified,No,Europe
Senior Frontend Engineer - React (Remote),Engineering,"London, United Kingdom",Not specified,No,Europe
Senior Frontend Engineer - React (Remote),Engineering,"Lisbon, Portugal",Not specified,No,Europe
Senior Frontend Engineer - React (Remote),Engineering,"Barcelona, Spain",Not specified,No,Europe
Senior Health Data Informaticist - Compass,Product Management & Alliances,"New York City, NY",Not specified,No,United States
Senior Health Data Informaticist - Compass,Product Management & Alliances,"Boston, MA",Not specified,No,United States
Senior Health Data Informaticist - Compass,Product Management & Alliances,"Boston, MA",Not specified,No,United States
Senior Implementation Consultant - RIMS (Remote),Professional Services,"London, United Kingdom",Not specified,No,Europe
Senior Implementation Consultant - RIMS (Remote),Professional Services,"Copenhagen, Denmark",Not specified,No,Europe
Senior Implementation Consultant - RIMS (Remote),Professional Services,"Barcelona, Spain",Not specified,No,Europe
Senior Implementation Consultant – Pharmacovigilance / Safety Systems (Remote),Professional Services,"Copenhagen, Denmark",Not specified,No,Europe
Senior Implementation Consultant – Pharmacovigilance / Safety Systems (Remote),Professional Services,"Dublin, Ireland",Not specified,No,Europe
Senior Implementation Consultant – Pharmacovigilance / Safety Systems (Remote),Professional Services,"London, United Kingdom",Not specified,No,Europe
Senior Manager - Curriculum Development,Training Services,"Pleasanton, CA",Not specified,No,United States
Senior Manager - Curriculum Development,Training Services,"Boston, MA",Not specified,No,United States
Senior Migration Consultant,Professional Services,"Bengaluru, India",Not specified,No,Asia Pacific
Senior Migration Consultant - R&D (Remote),Professional Services,"Kansas City, MO",Not specified,No,United States
Senior Migration Consultant - R&D (Remote),Professional Services,"Toronto, Canada",Not specified,No,Canada
Senior Migration Consultant - R&D (Remote),Professional Services,"Dallas, TX",Not specified,No,United States
Senior Payroll Specialist,Finance & Accounting,"London, United Kingdom",Not specified,No,Europe
Senior Payroll Specialist,Finance & Accounting,"Dublin, Ireland",Not specified,No,Europe
Senior Performance Engineer,Engineering,"Boston, MA",Not specified,No,United States
Senior Performance Engineer,Engineering,"Raleigh, NC",Not specified,No,United States
Senior Performance Engineer,Engineering,"Portland, ME",Not specified,No,United States
Senior Performance Engineer,Engineering,"Bend, OR",Not specified,No,United States
Senior Performance Engineer,Engineering,"San Luis Obispo, CA",Not specified,No,United States
Senior Performance Engineer,Engineering,"Portland, OR",Not specified,No,United States
Senior Performance Engineer,Engineering,"Boston, MA",Not specified,No,United States
Senior Product Designer,Design & User Experience,"Pleasanton, CA",Not specified,No,United States
Senior Product Manager,Product Management & Alliances,"Shanghai, China",Not specified,No,Asia Pacific
Senior Product Manager - Campaign Manager,Product Management & Alliances,"New York City, NY",Not specified,No,United States
Senior Product Manager - Campaign Manager,Product Management & Alliances,"Toronto, Canada",Not specified,No,Canada
Senior Product Manager - Campaign Manager,Product Management & Alliances,"Indianapolis, IN",Not specified,No,United States
Senior Product Manager - Vault API & SDK,Product Management & Alliances,"Pleasanton, CA",Not specified,No,United States
Senior Product Manager - Vault CRM Suite,Product Management & Alliances,"New York City, NY",Not specified,No,United States
Senior Product Manager - Vault CRM Suite,Product Management & Alliances,"Boston, MA",Not specified,No,United States
Senior Product Manager - Vault CRM Suite,Product Management & Alliances,"Pleasanton, CA",Not specified,No,United States
Senior Product Manager - Vault Platform Access Control,Product Management & Alliances,"Boston, MA",Not specified,No,United States
Senior Product Manager - Vault Platform Authentication,Product Management & Alliances,"Pleasanton, CA",Not specified,No,United States
Senior Product Manager - Vault QMS,Product Management & Alliances,"Boston, MA",Not specified,No,United States
Senior Product Manager - Vault QMS,Product Management & Alliances,"Pleasanton, CA",Not specified,No,United States
Senior Product Manager - Vault UI Platform,Product Management & Alliances,"Pleasanton, CA",Not specified,No,United States
Senior Product Manager - Veeva Clinical Operations,Product Management & Alliances,"Boston, MA",Not specified,No,United States
Senior Product Manager - Veeva Clinical Operations,Product Management & Alliances,"New York City, NY",Not specified,No,United States
Senior Product Manager - Veeva Clinical Operations,Product Management & Alliances,"Boston, MA",Not specified,No,United States
Senior Product Manager - Veeva Labs,Product Management & Alliances,"Pleasanton, CA",Not specified,No,United States
Senior Product Manager - Veeva Labs,Product Management & Alliances,"Salt Lake City, UT",Not specified,No,United States
Senior Program Manager - NA & EMEA Training Delivery,Training Services,"Boston, MA",Not specified,No,United States
Senior QA Engineer,QA & Release Engineering,"Pleasanton, CA",Not specified,No,United States
Senior QA Engineer,QA & Release Engineering,"Pleasanton, CA",Not specified,No,United States
Senior Quality Engineer,QA & Release Engineering,"Boston, MA",Not specified,No,United States
Senior Quality Engineer,QA & Release Engineering,"Toronto, Canada",Not specified,No,Canada
Senior Quality Engineer - Infrastructure,QA & Release Engineering,"Boston, MA",Not specified,No,United States
Senior Release Engineering,QA & Release Engineering,"Hyderabad, India",Not specified,No,Asia Pacific
Senior Salesforce Developer with Java,Engineering,"Hyderabad, India",Not specified,No,Asia Pacific
Senior Search Developer (Remote),Engineering,"Barcelona, Spain",Not specified,No,Europe
Senior Search Developer (Remote),Engineering,"Oxford, United Kingdom",Not specified,No,Europe
Senior Software Engineer,Engineering,"Kiryat Ono, Israel",Not specified,No,Europe
Senior Software Engineer - Backend,Engineering,"Pleasanton, CA",Not specified,No,United States
Senior Software Engineer - Backend,Engineering,"Pleasanton, CA",Not specified,No,United States
Senior Software Engineer - C#,Engineering,"Pleasanton, CA",Not specified,No,United States
Senior Software Engineer - C#,Engineering,"Bend, OR",Not specified,No,United States
Senior Software Engineer - C#,Engineering,"Portland, OR",Not specified,No,United States
Senior Software Engineer - C#,Engineering,"San Luis Obispo, CA",Not specified,No,United States
Senior Software Engineer - Data Platform,Engineering,"Kiryat Ono, Israel",Not specified,No,Europe
Senior Software Engineer - Front End,Engineering,"Toronto, Canada",Not specified,No,Canada
Senior Software Engineer - Front End,Engineering,"Ottawa, Canada",Not specified,No,Canada
Senior Software Engineer - Front End,Engineering,"Toronto, Canada",Not specified,No,Canada
Senior Software Engineer - Front End,Engineering,"Pleasanton, CA",Not specified,No,United States
Senior Software Engineer - Front End,Engineering,"Bend, OR",Not specified,No,United States
Senior Software Engineer - Front End,Engineering,"Portland, OR",Not specified,No,United States
Senior Software Engineer - Front End,Engineering,"San Luis Obispo, CA",Not specified,No,United States
Senior Software Engineer - Full Stack,Engineering,"Portland, ME",Not specified,No,United States
Senior Software Engineer - Full Stack,Engineering,"Boston, MA",Not specified,No,United States
Senior Software Engineer - Full Stack,Engineering,"Vancouver, Canada",Not specified,No,Canada
Senior Software Engineer - Full Stack,Engineering,"Portland, OR",Not specified,No,United States
Senior Software Engineer - Full Stack,Engineering,"Bend, OR",Not specified,No,United States
Senior Software Engineer - Full Stack,Engineering,"San Luis Obispo, CA",Not specified,No,United States
Senior Software Engineer - Full Stack,Engineering,"Toronto, Canada",Not specified,No,Canada
Senior Software Engineer - Full Stack,Engineering,"Toronto, Canada",Not specified,No,Canada
Senior Software Engineer - Full Stack,Engineering,"Boston, MA",Not specified,No,United States
Senior Software Engineer - Infrastructure,Engineering,"Boston, MA",Not specified,No,United States
Senior Software Engineer - Infrastructure,Engineering,"Bend, OR",Not specified,No,United States
Senior Software Engineer - Infrastructure,Engineering,"San Luis Obispo, CA",Not specified,No,United States
Senior Software Engineer - Infrastructure,Engineering,"Portland, OR",Not specified,No,United States
Senior Software Engineer - Infrastructure,Engineering,"Indianapolis, IN",Not specified,No,United States
Senior Software Engineer - Infrastructure,Engineering,"Columbus, OH",Not specified,No,United States
Senior Software Engineer - Java,Engineering,"Boston, MA",Not specified,No,United States
Senior Software Engineer - Java,Engineering,"Toronto, Canada",Not specified,No,Canada
Senior Software Engineer - Java,Engineering,"Toronto, Canada",Not specified,No,Canada
Senior Software Engineer - Java,Engineering,"Bend, OR",Not specified,No,United States
Senior Software Engineer - Java,Engineering,"San Luis Obispo, CA",Not specified,No,United States
Senior Software Engineer - Java,Engineering,"Portland, OR",Not specified,No,United States
Senior Software Engineer - Java,Engineering,"Portland, ME",Not specified,No,United States
Senior Software Engineer - Java,Engineering,"Ottawa, Canada",Not specified,No,Canada
Senior Software Engineer - Java,Engineering,"Hyderabad, India",Not specified,No,Asia Pacific
Senior Software Engineer - Java,Engineering,"Columbus, OH",Not specified,No,United States
Senior Software Engineer - Java,Engineering,"Indianapolis, IN",Not specified,No,United States
Senior Software Engineer - Java,Engineering,"Boston, MA",Not specified,No,United States
Senior Software Engineer - Python,Engineering,"Boston, MA",Not specified,No,United States
Senior Software Engineer - Python,Engineering,"Toronto, Canada",Not specified,No,Canada
Senior Software Engineer - Rust,Engineering,"Pleasanton, CA",Not specified,No,United States
Senior Software Engineer - SRE,Engineering,"Honolulu, HI",Not specified,No,United States
Senior Software Engineer - SRE,Engineering,"Portland, OR",Not specified,No,United States
Senior Software Engineer - SRE,Engineering,"Bend, OR",Not specified,No,United States
Senior Software Engineer - SRE,Engineering,"San Luis Obispo, CA",Not specified,No,United States
Senior Software Engineer - SRE,Engineering,"Los Angeles, CA",Not specified,No,United States
Senior Software Engineer - SRE,Engineering,"Vancouver, Canada",Not specified,No,Canada
Senior Software Engineer - SRE,Engineering,"Boston, MA",Not specified,No,United States
Senior Software Engineer - SRE,Engineering,"Boston, MA",Not specified,No,United States
Senior Software Engineer - SRE,Engineering,"Toronto, Canada",Not specified,No,Canada
Senior Software Engineer - SRE,Engineering,"Ottawa, Canada",Not specified,No,Canada
Senior Software Engineer - SRE,Engineering,"Toronto, Canada",Not specified,No,Canada
Senior Software Engineer - Test Automation,QA & Release Engineering,"Hyderabad, India",Not specified,No,Asia Pacific
Senior Software Engineer - Test Automation (Platform),QA & Release Engineering,"Hyderabad, India",Not specified,No,Asia Pacific
Senior Software Engineer - Test Automation (Vault Safety),QA & Release Engineering,"Hyderabad, India",Not specified,No,Asia Pacific
Senior Software Engineer - Test Automation - Mobile,QA & Release Engineering,"Hyderabad, India",Not specified,No,Asia Pacific
Senior Software Engineer - Test Infrastructure,QA & Release Engineering,"Hyderabad, India",Not specified,No,Asia Pacific
Senior Software Engineer in Test,QA & Release Engineering,"Boston, MA",Not specified,No,United States
Senior Software Engineer in Test,QA & Release Engineering,"Raleigh, NC",Not specified,No,United States
Senior Software Engineer in Test,QA & Release Engineering,"Pleasanton, CA",Not specified,No,United States
Senior Software Engineer in Test,QA & Release Engineering,"Toronto, Canada",Not specified,No,Canada
Senior Software Engineer in Test - CDMS,QA & Release Engineering,"Pleasanton, CA",Not specified,No,United States
Senior Solution Consultant - Veeva QualityOne ASEAN,Sales,"Singapore, Singapore",Not specified,No,Asia Pacific
Senior Sustaining Engineer,Engineering,"Boston, MA",Not specified,No,United States
Senior Team Lead - Data Operations,Data Operations,"Lisbon, Portugal",Not specified,No,Europe
Senior Technical Consultant - R&D,Professional Services,"Toronto, Canada",Not specified,No,Canada
Senior Technical Consultant - R&D,Professional Services,"Boston, MA",Not specified,No,United States
Senior Technical Consultant - Vault CRM,Professional Services,"Budapest, Hungary",Not specified,No,Europe
Senior/Commercial Strategy Consultant,Business Consulting,"Shanghai, China",Not specified,No,Asia Pacific
Services Engagement Manager - ClinData,Professional Services,"Copenhagen, Denmark",Not specified,No,Europe
Services Engagement Manager - ClinData,Professional Services,"Barcelona, Spain",Not specified,No,Europe
Services Engagement Manager - ClinData,Professional Services,"London, United Kingdom",Not specified,No,Europe
Services Engagement Manager - LIMS,Professional Services,"Boston, MA",Not specified,No,United States
Services Engagement Manager - LIMS,Professional Services,"Philadelphia, PA",Not specified,No,United States
Services Engagement Manager - LIMS,Professional Services,"Boston, MA",Not specified,No,United States
Services Engagement Manager - Safety Systems,Professional Services,"Boston, MA",Not specified,No,United States
Services Lead - MedTech RIM,Professional Services,"Minneapolis, MN",Not specified,No,United States
Services Lead - MedTech RIM,Professional Services,"Philadelphia, PA",Not specified,No,United States
Services Lead - MedTech RIM,Professional Services,"Boston, MA",Not specified,No,United States
Services Lead - Professional Services - Korea Commercial,Professional Services,"Seoul, South Korea",Not specified,No,Asia Pacific
Software Architect - Front End,Engineering,"San Luis Obispo, CA",Not specified,No,United States
Software Architect - Front End,Engineering,"Pleasanton, CA",Not specified,No,United States
Software Architect - Front End,Engineering,"Pleasanton, CA",Not specified,No,United States
Software Architect - Front End,Engineering,"Bend, OR",Not specified,No,United States
Software Architect - Front End,Engineering,"Portland, OR",Not specified,No,United States
Software Architect - Java,Engineering,"Pleasanton, CA",Not specified,No,United States
Software Architect - Java,Engineering,"Pleasanton, CA",Not specified,No,United States
Software Architect - Java,Engineering,"Bend, OR",Not specified,No,United States
Software Architect - Java,Engineering,"San Luis Obispo, CA",Not specified,No,United States
Software Architect - Java,Engineering,"Portland, OR",Not specified,No,United States
Software Engineer - Analytics Platform,Engineering,"Kiryat Ono, Israel",Not specified,No,Europe
Software Engineer - Front End,Engineering,"Toronto, Canada",Not specified,No,Canada
Software Engineer - Front End,Engineering,"Ottawa, Canada",Not specified,No,Canada
Software Engineer - Front End,Engineering,"Toronto, Canada",Not specified,No,Canada
Software Engineer - Full Stack,Engineering,"Toronto, Canada",Not specified,No,Canada
Software Engineer - Full Stack,Engineering,"Ottawa, Canada",Not specified,No,Canada
Software Engineer - Full Stack,Engineering,"Toronto, Canada",Not specified,No,Canada
Software Engineer - Java,Engineering,"Toronto, Canada",Not specified,No,Canada
Software Engineer - Java,Engineering,"Toronto, Canada",Not specified,No,Canada
Software Engineer - Java,Engineering,"Ottawa, Canada",Not specified,No,Canada
Software Engineer - Java,Engineering,"Boston, MA",Not specified,No,United States
Software Engineer - Java,Engineering,"Raleigh, NC",Not specified,No,United States
Software Engineer - OpenData (Remote),Engineering,"Berlin, Germany",Not specified,No,Europe
Software Engineer - OpenData (Remote),Engineering,"Barcelona, Spain",Not specified,No,Europe
Software Engineer - OpenData (Remote),Engineering,"Lisbon, Portugal",Not specified,No,Europe
Software Engineer Automation Platform,QA & Release Engineering,"Hyderabad, India",Not specified,No,Asia Pacific
Software Engineer in Test - CDMS,QA & Release Engineering,"Pleasanton, CA",Not specified,No,United States
Software Engineering Manager - Automation Platform,QA & Release Engineering,"Hyderabad, India",Not specified,No,Asia Pacific
Solution Architect,Professional Services,"Shanghai, China",Not specified,No,Asia Pacific
Solution Architect,Professional Services,"Dalian, China",Not specified,No,Asia Pacific
Solution Consultant,Strategy,"Shanghai, China",Not specified,No,Asia Pacific
Solution Consultant - Commercial Content,Sales,"Raleigh, NC",Not specified,No,United States
Solution Consultant - Commercial Content,Sales,"Boston, MA",Not specified,No,United States
Solution Consultant - Commercial Content,Sales,"Boston, MA",Not specified,No,United States
Solution Consultant - Quality,Sales,"Seoul, South Korea",Not specified,No,Asia Pacific
Solution Consultant - Quality,Sales,"Tokyo, Japan",Not specified,No,Asia Pacific
Solution Consultant - Quality - DACH,Sales,"Vienna, Austria",Not specified,No,Europe
Solution Consultant - Quality - DACH,Sales,"Basel, Switzerland",Not specified,No,Europe
Solution Consultant - Quality - DACH,Sales,"Frankfurt, Germany",Not specified,No,Europe
Solution Consultant - Veeva QualityOne,Sales,"Boston, MA",Not specified,No,United States
Solution Consultant - Veeva QualityOne,Sales,"Boston, MA",Not specified,No,United States
Solution Consultant - Veeva QualityOne,Sales,"Philadelphia, PA",Not specified,No,United States
Solution Consultant - Veeva RIM,Sales,"Boston, MA",Not specified,No,United States
Solution Consultant - Veeva RIM,Sales,"Boston, MA",Not specified,No,United States
Solution Consultant - Veeva RIM,Sales,"Philadelphia, PA",Not specified,No,United States
Solutions Consulting Associate,Analytics,"New York City, NY",Not specified,No,United States
Strategy Director - Crossix Analytics,Strategy,"Philadelphia, PA",Not specified,No,United States
Strategy Director - Crossix Analytics,Strategy,"New York City, NY",Not specified,No,United States
Strategy Director - Crossix Audience Segments,Strategy,"Philadelphia, PA",Not specified,No,United States
Strategy Director - Crossix Audience Segments,Strategy,"New York City, NY",Not specified,No,United States
Strategy Director - OpenData,Strategy,"Frankfurt, Germany",Not specified,No,Europe
Strategy Director - OpenData,Strategy,"London, United Kingdom",Not specified,No,Europe
Strategy Director - OpenData,Strategy,"Paris, France",Not specified,No,Europe
Supervisor - OpenData Research Center,Data Operations,"Radnor, PA",Not specified,No,United States
Sustaining Engineer,Engineering,"Boston, MA",Not specified,No,United States
Systems Architect - Engineering and Product Support Systems,IT,"Toronto, Canada",Not specified,No,Canada
Systems Architect - Engineering and Product Support Systems,IT,"Columbus, OH",Not specified,No,United States
Team Lead - Data Operations,Data Operations,"Lisbon, Portugal",Not specified,No,Europe
Team Lead - Data Operations,Data Operations,"Skopje, North Macedonia",Not specified,No,Europe
Team Manager - Cloud Managed Services,Professional Services,"Budapest, Hungary",Not specified,No,Europe
Team Manager - Cloud Managed Services,Professional Services,"Warsaw, Poland",Not specified,No,Europe
Team Manager - Migration,Professional Services,"Bengaluru, India",Not specified,No,Asia Pacific
Team Manager - Migration,Professional Services,"Pune, India",Not specified,No,Asia Pacific
Technical Consultant,Professional Services,"Dalian, China",Not specified,No,Asia Pacific
Technical Consultant - Consumer Products (Remote),Professional Services,"Raleigh, NC",Not specified,No,United States
Technical Consultant - Environment & Deployment Excellence Team,Professional Services,"Budapest, Hungary",Not specified,No,Europe
Technical Consultant - Front-End,Professional Services,"Budapest, Hungary",Not specified,No,Europe
Technical Consultant - R&D (Remote),Professional Services,"Philadelphia, PA",Not specified,No,United States
Technical Consultant - RTSM,Design & User Experience,"Zagreb, Croatia",Not specified,No,Europe
Technical Consultant - RTSM (Remote),Professional Services,"Kansas City, MO",Not specified,No,United States
Technical Consultant - RTSM (Remote),Professional Services,"Raleigh, NC",Not specified,No,United States
Technical Consultant - RTSM (Remote),Professional Services,"Madison, WI",Not specified,No,United States
Technical Consultant - SDK Java,Professional Services,"Budapest, Hungary",Not specified,No,Europe
Technical Consultant - X-Pages,Professional Services,"Boston, MA",Not specified,No,United States
Technical Curriculum Developer - Enterprise Software,Training Services,"Seattle, WA",Not specified,No,United States
Technical Curriculum Developer - Enterprise Software,Training Services,"Pleasanton, CA",Not specified,No,United States
Technical Curriculum Developer - Enterprise Software,Training Services,"Boston, MA",Not specified,No,United States
Technical Customer Service Associate,Product Support,"Columbus, OH",Not specified,No,United States
Technical Customer Service Associate (Korean Speaking),Product Support,"Sydney, Australia",Not specified,No,Asia Pacific
Technical Customer Service Associate - Bilingual (English and Spanish),Product Support,"Columbus, OH",Not specified,No,United States
Technical Instructor,Training Services,"Bengaluru, India",Not specified,No,Asia Pacific
Technical Instructor,Training Services,"Mumbai, India",Not specified,No,Asia Pacific
Technical Instructor,Training Services,"Hyderabad, India",Not specified,No,Asia Pacific
Technical Operations Engineer,Engineering,"Zagreb, Croatia",Not specified,No,Europe
Technical Product Manager - AI Solutions,Product Management & Alliances,"Boston, MA",Not specified,No,United States
Technical Product Manager - AI Solutions,Product Management & Alliances,"Boston, MA",Not specified,No,United States
Technical Program Manager,Quality & Security & Compliance,"Columbus, OH",Not specified,No,United States
Technical Release Manager,QA & Release Engineering,"Pleasanton, CA",Not specified,No,United States
Technology Consulting Intern (Hungary),Recent University Graduates,"Budapest, Hungary",Not specified,No,Europe
Travel Coordinator - Program/Event,Professional Services,"Boston, MA",Not specified,No,United States
VP - Asia Vault Platform and AI,Sales,"Shanghai, China",Not specified,No,Asia Pacific
VP - Asia Vault Platform and AI,Sales,"Seoul, South Korea",Not specified,No,Asia Pacific
VP - Asia Vault Platform and AI,Sales,"Tokyo, Japan",Not specified,No,Asia Pacific
VP - Business Consulting Lead - APAC,Business Consulting,"Singapore, Singapore",Not specified,No,Asia Pacific
VP - IT Commercial Systems,IT,"Columbus, OH",Not specified,No,United States
Workplace Experience Partner/Office Manager - Tokyo,Employee Success,"Tokyo, Japan",Not specified,No,Asia Pacific
